{
  "version": 1,
  "author": "Gautam Ahuja",
  "editor": "wokwi",
  "parts": [
    { "type": "wokwi-esp32-devkit-v1", "id": "esp", "top": 55.01, "left": -128.46, "attrs": {} },
    {
      "type": "wokwi-led-ring",
      "id": "ring1",
      "top": 45.9,
      "left": 250.19,
      "attrs": { "delayTime": "1" }
    },
    {
      "type": "wokwi-pir-motion-sensor",
      "id": "pir1",
      "top": 95.23,
      "left": 73.66,
      "attrs": { "delayTime": "1" }
    },
    {
      "type": "wokwi-led-ring",
      "id": "ring2",
      "top": -47.58,
      "left": -25.23,
      "attrs": { "pixels": "16" }
    }
  ],
  "connections": [
    [ "esp:TX0", "$serialMonitor:RX", "", [] ],
    [ "esp:RX0", "$serialMonitor:TX", "", [] ],
    [ "pir1:VCC", "esp:3V3", "red", [ "v0" ] ],
    [ "pir1:GND", "esp:GND.1", "black", [ "v0" ] ],
    [ "pir1:OUT", "esp:D2", "gold", [ "v0" ] ],
    [ "ring2:GND", "esp:GND.1", "black", [ "v0" ] ],
    [ "ring2:VCC", "esp:3V3", "red", [ "v0" ] ],
    [ "ring2:DIN", "esp:D15", "green", [ "v0" ] ]
  ],
  "serialMonitor": { "display": "plotter" }
}